wine,heartattack
2.5,211
3.900000095,167
2.900000095,131
2.400000095,191
2.900000095,220
0.800000012,297
9.100000381,71
0.800000012,211
0.699999988,300
7.900000095,107
1.799999952,167
1.899999976,266
0.800000012,227
6.5,86
1.600000024,207
5.800000191,115
1.299999952,285
1.200000048,199
2.700000048,172
